id,name,account,owner,owner_id,segment,source_channel,stage,amount,arr,created_date,close_date,is_closed,is_won,lost_reason,raw_stage,type,forecast_category
SAP-001,Brassline Components - Multi-plant rollout,Brassline Components,Sienna Patel,AE-M02,mid_market,outbound,Closed Won,2940000,2940000,2026-01-12,2026-04-24,true,true,,Closed Won,new_business,Closed
SAP-002,Northspan Conveyance - Workforce hub,Northspan Conveyance,Lucas Brennan,AE-M01,mid_market,inbound,Closed Won,1995000,1995000,2026-02-03,2026-04-28,true,true,,Closed Won,new_business,Closed
SAP-003,TorqueFox Warehouse - Self-serve expansion,TorqueFox Warehouse,Brielle Navarro,AE-C04,commercial,inbound,Closed Won,448000,448000,2026-03-07,2026-04-30,true,true,,Closed Won,expansion,Closed
SAP-004,Telos Robotics - EMEA standardization,Telos Robotics,Naomi Walsh,AE-E01,enterprise,partner,Business Case,9800000,9800000,2025-12-09,2026-04-15,false,false,,Business Case - Legal Review,new_business,Best Case
SAP-005,Vellum Precision - Audit fabric,Vellum Precision,Diego Suzuki,AE-E04,enterprise,partner,Business Case,8260000,8260000,2026-01-16,2026-04-22,false,false,,Business Case - Legal Review,new_business,Best Case
SAP-006,QuickForge Ops - Starter bundle,QuickForge Ops,Lila Hart,AE-C08,commercial,inbound,Qualification,342000,342000,2026-04-22,2026-05-29,false,false,,Qualification,new_business,Pipeline
SAP-007,Foundry Lane Systems - Instrumentation cloud,Foundry Lane Systems,Ezra Lindgren,AE-M05,mid_market,outbound,Technical Evaluation,2470000,2470000,2026-03-18,2026-06-26,false,false,,Technical Evaluation,new_business,Best Case
SAP-008,Iron Ridge Plastics - EU rollout,Iron Ridge Plastics,Tobias Mendez,AE-E02,enterprise,partner,Closed Lost,5320000,5320000,2025-11-20,2026-03-27,true,false,Legal review exceeded sponsor window,Closed Lost,new_business,Closed
SAP-009,SnapDock Field Tools - Team edition,SnapDock Field Tools,Andrej Novak,AE-C07,commercial,inbound,Closed Lost,196000,196000,2026-02-25,2026-04-14,true,false,Chose lower-priced point solution,Closed Lost,new_business,Closed
SAP-010,Millwork Partners - Operations hub,Millwork Partners,Sienna Patel,AE-M02,mid_market,inbound,Closed Won,2170000,2170000,2026-01-20,2026-04-15,true,true,,Closed Won,new_business,Closed
SAP-011,Telos Robotics - NA compliance suite,Telos Robotics,Tobias Mendez,AE-E02,enterprise,partner,Business Case,6440000,6440000,2025-11-30,2026-04-28,false,false,,Business Case - Legal Review,new_business,Best Case
SAP-012,Stratos Dynamics - Platform modernization,Stratos Dynamics,Helena Park,AE-E03,enterprise,partner,Business Case,11200000,11200000,2025-12-15,2026-04-18,false,false,,Business Case - Legal Review,new_business,Best Case
SAP-013,EasyLift Tools - Self-serve trial,EasyLift Tools,June Holloway,AE-C01,commercial,self_serve,Qualification,294500,294500,2026-04-15,2026-05-20,false,false,,Qualification,new_business,Pipeline
SAP-014,RapidFlex Tools - Self-serve trial,RapidFlex Tools,Rafael Costa,AE-C02,commercial,self_serve,Qualification,175000,175000,2026-03-28,2026-04-28,false,false,,Qualification,new_business,Pipeline
SAP-015,Xeon Fabrication - Team edition,Xeon Fabrication,Jenna Ellis,AE-E08,enterprise,self_serve,Closed Won,595000,595000,2025-12-15,2026-03-26,true,true,,Closed Won,new_business,Closed
SAP-016,Upton Services - Compliance suite,Upton Services,Sienna Patel,AE-M02,mid_market,outbound,Closed Won,322000,322000,2025-12-18,2026-02-13,true,true,,Closed Won,new_business,Closed
SAP-017,Norden Components - Infrastructure expansion,Norden Components,Lucas Brennan,AE-M01,mid_market,ae_self_gen,Closed Won,231000,231000,2026-02-11,2026-04-15,true,true,,Closed Won,new_business,Closed
SAP-018,Anvil Solutions - Workforce hub,Anvil Solutions,Wren Beauchamp,AE-M04,mid_market,inbound,Closed Won,280000,280000,2026-03-09,2026-04-13,true,true,,Closed Won,new_business,Closed
SAP-019,JetFab Tools - Infrastructure expansion,JetFab Tools,Brielle Navarro,AE-C04,commercial,inbound,Closed Won,259000,259000,2026-02-16,2026-03-08,true,true,,Closed Won,new_business,Closed
SAP-020,BriefForge Fast - Starter bundle,BriefForge Fast,Paige Ellison,AE-C06,commercial,self_serve,Closed Won,294000,294000,2026-02-09,2026-03-02,true,true,,Closed Won,new_business,Closed
SAP-021,PitchBolt Ops - Team edition,PitchBolt Ops,Brielle Navarro,AE-C04,commercial,self_serve,Closed Won,190000,190000,2026-04-09,2026-05-01,true,true,,Closed Won,new_business,Closed
SAP-022,NiftBolt Ops - Team edition,NiftBolt Ops,Imani Tate,AE-C03,commercial,self_serve,Closed Won,189000,189000,2026-01-19,2026-02-04,true,true,,Closed Won,new_business,Closed
SAP-023,ImpactForge Ops - Workforce hub,ImpactForge Ops,Paige Ellison,AE-C06,commercial,inbound,Closed Won,161000,161000,2026-01-19,2026-02-12,true,true,,Closed Won,new_business,Closed
SAP-024,Pinecrest Components - Workforce hub,Pinecrest Components,Felix Andersson,AE-M03,mid_market,partner,Closed Won,266000,266000,2026-02-16,2026-03-29,true,true,,Closed Won,new_business,Closed
SAP-025,Galena Works - Operations suite,Galena Works,Malik Okoro,AE-E07,enterprise,partner,Closed Won,595000,595000,2025-11-10,2026-04-02,true,true,,Closed Won,new_business,Closed
SAP-026,SnapForge Tools - Analytics platform,SnapForge Tools,Imani Tate,AE-C03,commercial,inbound,Closed Won,210000,210000,2026-02-09,2026-03-07,true,true,,Closed Won,new_business,Closed
SAP-027,Graymark Services - Starter bundle,Graymark Services,Benji Flores,AE-M09,mid_market,partner,Closed Won,168000,168000,2026-03-02,2026-04-24,true,true,,Closed Won,new_business,Closed
SAP-028,Rockvale Systems - Team edition,Rockvale Systems,Hannah Cho,AE-M10,mid_market,inbound,Closed Won,420000,420000,2026-01-02,2026-02-28,true,true,,Closed Won,new_business,Closed
SAP-029,Elara Precision - Platform rollout,Elara Precision,Helena Park,AE-E03,enterprise,ae_self_gen,Closed Won,595000,595000,2025-10-16,2026-02-24,true,true,,Closed Won,new_business,Closed
SAP-030,FlexWeld Micro - Analytics platform,FlexWeld Micro,Andrej Novak,AE-C07,commercial,self_serve,Closed Won,224000,224000,2026-02-02,2026-02-26,true,true,,Closed Won,new_business,Closed
SAP-031,Magnite Systems - Integration layer,Magnite Systems,Malik Okoro,AE-E07,enterprise,inbound,Closed Won,595000,595000,2026-01-01,2026-03-27,true,true,,Closed Won,new_business,Closed
SAP-032,Xerxes Components - Operations suite,Xerxes Components,Benji Flores,AE-M09,mid_market,outbound,Closed Won,224000,224000,2026-02-06,2026-04-09,true,true,,Closed Won,new_business,Closed
SAP-033,Kronos Fabrication - Integration layer,Kronos Fabrication,Tobias Mendez,AE-E02,enterprise,ae_self_gen,Closed Won,595000,595000,2026-01-07,2026-04-08,true,true,,Closed Won,new_business,Closed
SAP-034,DashBolt Ops - Infrastructure expansion,DashBolt Ops,June Holloway,AE-C01,commercial,ae_self_gen,Closed Won,161000,161000,2026-02-02,2026-02-18,true,true,,Closed Won,new_business,Closed
SAP-035,HammerLine Quick - Starter bundle,HammerLine Quick,Theo Mercer,AE-C05,commercial,inbound,Closed Won,119000,119000,2026-01-19,2026-02-05,true,true,,Closed Won,new_business,Closed
SAP-036,Treemont Components - Platform rollout,Treemont Components,Wren Beauchamp,AE-M04,mid_market,inbound,Closed Won,350000,350000,2025-12-19,2026-02-07,true,true,,Closed Won,new_business,Closed
SAP-037,Southfield Systems - Compliance suite,Southfield Systems,Owen Delgado,AE-M13,mid_market,outbound,Closed Won,210000,210000,2026-02-10,2026-04-08,true,true,,Closed Won,new_business,Closed
SAP-038,Zion Systems - Workforce hub,Zion Systems,Lucas Brennan,AE-M01,mid_market,inbound,Closed Won,252000,252000,2025-12-30,2026-02-23,true,true,,Closed Won,new_business,Closed
SAP-039,Jasper Systems - Workforce hub,Jasper Systems,Idris Vance,AE-M07,mid_market,partner,Closed Won,224000,224000,2026-01-19,2026-03-05,true,true,,Closed Won,new_business,Closed
SAP-040,Willowbrook Fabrication - Starter bundle,Willowbrook Fabrication,Sienna Patel,AE-M02,mid_market,ae_self_gen,Closed Won,196000,196000,2026-01-14,2026-02-26,true,true,,Closed Won,new_business,Closed
SAP-041,Echelon Precision - Platform rollout,Echelon Precision,Malik Okoro,AE-E07,enterprise,outbound,Closed Won,595000,595000,2025-10-27,2026-03-19,true,true,,Closed Won,new_business,Closed
SAP-042,Stanton Services - Operations suite,Stanton Services,Matteo Russo,AE-M11,mid_market,inbound,Closed Won,217000,217000,2025-12-15,2026-02-09,true,true,,Closed Won,new_business,Closed
SAP-043,Millbrook Services - Team edition,Millbrook Services,Felix Andersson,AE-M03,mid_market,ae_self_gen,Closed Won,294000,294000,2025-12-23,2026-02-07,true,true,,Closed Won,new_business,Closed
SAP-044,Belmont Components - Integration layer,Belmont Components,Wren Beauchamp,AE-M04,mid_market,inbound,Closed Won,273000,273000,2026-02-20,2026-04-13,true,true,,Closed Won,new_business,Closed
SAP-045,Quakertown Fabrication - Compliance suite,Quakertown Fabrication,Felix Andersson,AE-M03,mid_market,inbound,Closed Won,322000,322000,2026-02-02,2026-03-18,true,true,,Closed Won,new_business,Closed
SAP-046,Noctilucent Manufacturing - Operations suite,Noctilucent Manufacturing,Priyanka Sen,AE-E09,enterprise,outbound,Closed Won,595000,595000,2026-01-26,2026-04-21,true,true,,Closed Won,new_business,Closed
SAP-047,Upland Solutions - Field operations,Upland Solutions,Wren Beauchamp,AE-M04,mid_market,self_serve,Closed Won,252000,252000,2026-01-01,2026-02-22,true,true,,Closed Won,new_business,Closed
SAP-048,Eastbridge Fabrication - Operations suite,Eastbridge Fabrication,Hannah Cho,AE-M10,mid_market,inbound,Closed Won,329000,329000,2026-02-23,2026-04-15,true,true,,Closed Won,new_business,Closed
SAP-049,MicroForge Quick - Starter bundle,MicroForge Quick,Theo Mercer,AE-C05,commercial,self_serve,Closed Won,161000,161000,2026-03-26,2026-04-10,true,true,,Closed Won,new_business,Closed
SAP-050,IronClip Fast - Compliance suite,IronClip Fast,Brielle Navarro,AE-C04,commercial,self_serve,Closed Won,196000,196000,2026-03-30,2026-04-11,true,true,,Closed Won,new_business,Closed
SAP-051,KeyBolt Lite - Starter bundle,KeyBolt Lite,June Holloway,AE-C01,commercial,ae_self_gen,Closed Won,161000,161000,2026-04-14,2026-04-29,true,true,,Closed Won,new_business,Closed
SAP-052,Knightsbridge Fabrication - Field operations,Knightsbridge Fabrication,Kira Wallace,AE-M12,mid_market,inbound,Closed Won,336000,336000,2026-01-05,2026-02-26,true,true,,Closed Won,new_business,Closed
SAP-053,Kingston Services - Analytics module,Kingston Services,Kira Wallace,AE-M12,mid_market,inbound,Closed Lost,259000,259000,2026-01-01,2026-03-08,true,false,No decision - budget freeze,Closed Lost,new_business,Closed
SAP-054,Westside Services - Operations hub,Westside Services,Felix Andersson,AE-M03,mid_market,inbound,Closed Lost,168000,168000,2026-01-12,2026-02-17,true,false,Chose lower-priced point solution,Closed Lost,new_business,Closed
SAP-055,Valhalla Components - Team edition,Valhalla Components,Kira Wallace,AE-M12,mid_market,ae_self_gen,Closed Lost,427000,427000,2026-01-05,2026-02-01,true,false,Chose lower-priced point solution,Closed Lost,new_business,Closed
SAP-056,Riverside Fabrication - Enterprise suite,Riverside Fabrication,Lucas Brennan,AE-M01,mid_market,outbound,Closed Lost,168000,168000,2026-02-02,2026-02-26,true,false,Technical requirements not met,Closed Lost,new_business,Closed
SAP-057,Norwood Systems - Team edition,Norwood Systems,Benji Flores,AE-M09,mid_market,inbound,Closed Lost,245000,245000,2026-02-09,2026-03-28,true,false,Chose competitor solution,Closed Lost,new_business,Closed
SAP-058,Bridgeway Systems - Integration suite,Bridgeway Systems,Wren Beauchamp,AE-M04,mid_market,outbound,Closed Lost,336000,336000,2026-03-11,2026-04-07,true,false,Legal review exceeded sponsor window,Closed Lost,new_business,Closed
SAP-059,CrankSet Tools - Compliance layer,CrankSet Tools,Andrej Novak,AE-C07,commercial,ae_self_gen,Closed Lost,154000,154000,2026-02-27,2026-03-16,true,false,Champion left company,Closed Lost,new_business,Closed
SAP-060,UltraLift Fast - Analytics module,UltraLift Fast,June Holloway,AE-C01,commercial,self_serve,Closed Lost,247000,247000,2026-04-03,2026-05-03,true,false,No decision - budget freeze,Closed Lost,new_business,Closed
SAP-061,Cerium Industrial - Workforce platform,Cerium Industrial,Anika Volkov,AE-E05,enterprise,outbound,Closed Lost,441000,441000,2026-02-04,2026-04-10,true,false,Legal review exceeded sponsor window,Closed Lost,new_business,Closed
SAP-062,Zenith Components - Platform rollout,Zenith Components,Chloe Mercer,AE-M08,mid_market,inbound,Closed Lost,308000,308000,2026-01-12,2026-02-13,true,false,Procurement stalled,Closed Lost,new_business,Closed
SAP-063,LeanForge Fast - Enterprise suite,LeanForge Fast,Brielle Navarro,AE-C04,commercial,inbound,Closed Lost,304000,304000,2026-04-01,2026-05-02,true,false,Procurement stalled,Closed Lost,new_business,Closed
SAP-064,Meridian Alloys - Analytics module,Meridian Alloys,Tobias Mendez,AE-E02,enterprise,outbound,Closed Lost,406000,406000,2025-12-11,2026-02-21,true,false,Chose competitor solution,Closed Lost,new_business,Closed
SAP-065,AgileBolt Tools - Workforce platform,AgileBolt Tools,Theo Mercer,AE-C05,commercial,self_serve,Closed Lost,210000,210000,2026-02-12,2026-03-02,true,false,Technical requirements not met,Closed Lost,new_business,Closed
SAP-066,Iridium Works - Workforce platform,Iridium Works,Diego Suzuki,AE-E04,enterprise,outbound,Closed Lost,420000,420000,2026-01-22,2026-04-30,true,false,Procurement stalled,Closed Lost,new_business,Closed
SAP-067,Novum Engineering - Compliance layer,Novum Engineering,Claire Dufour,AE-E06,enterprise,inbound,Closed Lost,364000,364000,2025-12-09,2026-03-19,true,false,No decision - budget freeze,Closed Lost,new_business,Closed
SAP-068,Cromwell Fabrication - Workforce platform,Cromwell Fabrication,Maya Brennan,AE-M06,mid_market,ae_self_gen,Closed Lost,350000,350000,2026-01-16,2026-03-04,true,false,Chose lower-priced point solution,Closed Lost,new_business,Closed
SAP-069,Acton Services - Workforce platform,Acton Services,Owen Delgado,AE-M13,mid_market,inbound,Closed Lost,203000,203000,2026-01-26,2026-03-25,true,false,Timing - pushed to next fiscal,Closed Lost,new_business,Closed
SAP-070,Cobalt Forge Industries - Team edition,Cobalt Forge Industries,Naomi Walsh,AE-E01,enterprise,outbound,Closed Lost,350000,350000,2025-11-17,2026-04-18,true,false,No decision - budget freeze,Closed Lost,new_business,Closed
SAP-071,Harborview Manufacturing - Integration suite,Harborview Manufacturing,Priyanka Sen,AE-E09,enterprise,inbound,Closed Lost,420000,420000,2025-12-22,2026-03-22,true,false,Procurement stalled,Closed Lost,new_business,Closed
SAP-072,Dyson Metalworks - Operations hub,Dyson Metalworks,Jenna Ellis,AE-E08,enterprise,outbound,Closed Lost,441000,441000,2026-01-29,2026-04-17,true,false,Chose competitor solution,Closed Lost,new_business,Closed
SAP-073,Lattice Industrial - Workforce platform,Lattice Industrial,Naomi Walsh,AE-E01,enterprise,inbound,Closed Lost,329000,329000,2025-12-01,2026-03-16,true,false,Procurement stalled,Closed Lost,new_business,Closed
SAP-074,Vinemont Systems - Analytics module,Vinemont Systems,Maya Brennan,AE-M06,mid_market,inbound,Closed Lost,364000,364000,2026-03-02,2026-04-15,true,false,Technical requirements not met,Closed Lost,new_business,Closed
SAP-075,Yuma Industrial - Workforce platform,Yuma Industrial,Naomi Walsh,AE-E01,enterprise,ae_self_gen,Closed Lost,224000,224000,2025-09-15,2026-02-26,true,false,Timing - pushed to next fiscal,Closed Lost,new_business,Closed
SAP-076,SprintLift Depot - Team edition,SprintLift Depot,Andrej Novak,AE-C07,commercial,outbound,Closed Lost,189000,189000,2026-03-18,2026-04-15,true,false,Timing - pushed to next fiscal,Closed Lost,new_business,Closed
SAP-077,Timber Creek Components - Compliance layer,Timber Creek Components,Ezra Lindgren,AE-M05,mid_market,outbound,Closed Lost,168000,168000,2026-02-12,2026-04-14,true,false,Internal reprioritization,Closed Lost,new_business,Closed
SAP-078,WeldFlash Quick - Analytics module,WeldFlash Quick,Brielle Navarro,AE-C04,commercial,self_serve,Closed Lost,154000,154000,2026-03-02,2026-03-28,true,false,Legal review exceeded sponsor window,Closed Lost,new_business,Closed
SAP-079,Pembrook Components - Enterprise suite,Pembrook Components,Maya Brennan,AE-M06,mid_market,outbound,Closed Lost,245000,245000,2026-01-26,2026-03-22,true,false,Champion left company,Closed Lost,new_business,Closed
SAP-080,ProForge Works - Platform rollout,ProForge Works,Imani Tate,AE-C03,commercial,ae_self_gen,Closed Lost,189000,189000,2026-01-12,2026-02-09,true,false,Price - went with lower-cost alternative,Closed Lost,new_business,Closed
SAP-081,Glenside Services - Team edition,Glenside Services,Chloe Mercer,AE-M08,mid_market,outbound,Closed Lost,238000,238000,2026-03-05,2026-04-05,true,false,Legal review exceeded sponsor window,Closed Lost,new_business,Closed
SAP-082,Eastwood Services - Compliance layer,Eastwood Services,Matteo Russo,AE-M11,mid_market,self_serve,Closed Lost,182000,182000,2026-03-30,2026-04-27,true,false,Chose lower-priced point solution,Closed Lost,new_business,Closed
SAP-083,CrispWeld Quick - Team edition,CrispWeld Quick,June Holloway,AE-C01,commercial,ae_self_gen,Closed Lost,217000,217000,2026-03-10,2026-04-08,true,false,Champion left company,Closed Lost,new_business,Closed
SAP-084,Kelvin Fabrication - Integration suite,Kelvin Fabrication,Malik Okoro,AE-E07,enterprise,outbound,Closed Lost,518000,518000,2025-12-10,2026-04-04,true,false,Chose lower-priced point solution,Closed Lost,new_business,Closed
SAP-085,LiftFlex Ops - Integration suite,LiftFlex Ops,Brielle Navarro,AE-C04,commercial,inbound,Closed Lost,217000,217000,2026-04-02,2026-04-23,true,false,Price - went with lower-cost alternative,Closed Lost,new_business,Closed
SAP-086,Mapleton Fabrication - Operations hub,Mapleton Fabrication,Maya Brennan,AE-M06,mid_market,outbound,Closed Lost,343000,343000,2025-12-31,2026-03-12,true,false,Price - went with lower-cost alternative,Closed Lost,new_business,Closed
SAP-087,ZipLift Ops - Workforce platform,ZipLift Ops,Brielle Navarro,AE-C04,commercial,self_serve,Closed Lost,245000,245000,2026-03-23,2026-04-02,true,false,Legal review exceeded sponsor window,Closed Lost,new_business,Closed
SAP-088,Linden Components - Analytics module,Linden Components,Owen Delgado,AE-M13,mid_market,inbound,Closed Lost,364000,364000,2026-01-15,2026-02-10,true,false,Chose lower-priced point solution,Closed Lost,new_business,Closed
SAP-089,Northgate Services - Platform rollout,Northgate Services,Kira Wallace,AE-M12,mid_market,inbound,Closed Lost,231000,231000,2026-01-16,2026-03-07,true,false,Price - went with lower-cost alternative,Closed Lost,new_business,Closed
SAP-090,Jameson Systems - Operations hub,Jameson Systems,Owen Delgado,AE-M13,mid_market,inbound,Closed Lost,273000,273000,2026-02-16,2026-03-29,true,false,Price - went with lower-cost alternative,Closed Lost,new_business,Closed
SAP-091,Valmont Fabrication - Workforce platform,Valmont Fabrication,Kira Wallace,AE-M12,mid_market,inbound,Closed Lost,273000,273000,2025-12-29,2026-02-25,true,false,Legal review exceeded sponsor window,Closed Lost,new_business,Closed
SAP-092,Monolith Precision - Integration suite,Monolith Precision,Diego Suzuki,AE-E04,enterprise,partner,Closed Lost,532000,532000,2026-02-10,2026-05-02,true,false,Champion left company,Closed Lost,new_business,Closed
SAP-093,Castleton Logistics - Team edition,Castleton Logistics,Maya Brennan,AE-M06,mid_market,inbound,Closed Lost,315000,315000,2026-01-12,2026-03-10,true,false,Price - went with lower-cost alternative,Closed Lost,new_business,Closed
SAP-094,Orchard Systems - Compliance layer,Orchard Systems,Matteo Russo,AE-M11,mid_market,ae_self_gen,Closed Lost,308000,308000,2026-03-02,2026-03-25,true,false,Technical requirements not met,Closed Lost,new_business,Closed
SAP-095,Claremont Services - Workforce platform,Claremont Services,Owen Delgado,AE-M13,mid_market,outbound,Closed Lost,350000,350000,2026-03-11,2026-04-05,true,false,Internal reprioritization,Closed Lost,new_business,Closed
SAP-096,Lakewood Fabrication - Operations hub,Lakewood Fabrication,Benji Flores,AE-M09,mid_market,outbound,Closed Lost,273000,273000,2026-01-29,2026-03-28,true,false,Legal review exceeded sponsor window,Closed Lost,new_business,Closed
SAP-097,Obsidian Industries - Operations hub,Obsidian Industries,Priyanka Sen,AE-E09,enterprise,outbound,Closed Lost,315000,315000,2026-02-05,2026-04-27,true,false,Internal reprioritization,Closed Lost,new_business,Closed
SAP-098,Ceres Industrial - Integration suite,Ceres Industrial,Jenna Ellis,AE-E08,enterprise,ae_self_gen,Closed Lost,308000,308000,2026-02-02,2026-04-15,true,false,Technical requirements not met,Closed Lost,new_business,Closed
SAP-099,Kinetic Fabrication - Workforce platform,Kinetic Fabrication,Malik Okoro,AE-E07,enterprise,inbound,Closed Lost,525000,525000,2025-09-15,2026-02-24,true,false,Chose lower-priced point solution,Closed Lost,new_business,Closed
SAP-100,Titanite Engineering - Integration suite,Titanite Engineering,Jenna Ellis,AE-E08,enterprise,outbound,Closed Lost,336000,336000,2025-11-17,2026-03-27,true,false,Internal reprioritization,Closed Lost,new_business,Closed
SAP-101,Dunmore Systems - Team edition,Dunmore Systems,Kira Wallace,AE-M12,mid_market,partner,Closed Lost,406000,406000,2026-02-09,2026-04-02,true,false,Legal review exceeded sponsor window,Closed Lost,new_business,Closed
SAP-102,BoltRush Services - Compliance layer,BoltRush Services,Brielle Navarro,AE-C04,commercial,partner,Closed Lost,168000,168000,2026-03-05,2026-04-05,true,false,Legal review exceeded sponsor window,Closed Lost,new_business,Closed
SAP-103,NanoWeld Tools - Enterprise suite,NanoWeld Tools,Lila Hart,AE-C08,commercial,ae_self_gen,Closed Lost,203000,203000,2026-01-22,2026-02-06,true,false,Timing - pushed to next fiscal,Closed Lost,new_business,Closed
SAP-104,Flint Engineering - Platform rollout,Flint Engineering,Anika Volkov,AE-E05,enterprise,inbound,Closed Lost,238000,238000,2025-09-11,2026-03-05,true,false,Internal reprioritization,Closed Lost,new_business,Closed
SAP-105,JumpLift Tools - Integration suite,JumpLift Tools,Lila Hart,AE-C08,commercial,inbound,Closed Lost,224000,224000,2026-01-19,2026-02-03,true,false,Price - went with lower-cost alternative,Closed Lost,new_business,Closed
SAP-106,Fulcrum Engineering - Integration suite,Fulcrum Engineering,Tobias Mendez,AE-E02,enterprise,ae_self_gen,Closed Lost,434000,434000,2025-12-23,2026-02-27,true,false,Procurement stalled,Closed Lost,new_business,Closed
SAP-107,Palladium Systems - Workforce platform,Palladium Systems,Priyanka Sen,AE-E09,enterprise,inbound,Closed Lost,595000,595000,2025-10-20,2026-03-23,true,false,Internal reprioritization,Closed Lost,new_business,Closed
SAP-108,Thornwood Systems - Analytics module,Thornwood Systems,Owen Delgado,AE-M13,mid_market,inbound,Closed Lost,301000,301000,2026-02-26,2026-04-28,true,false,Chose competitor solution,Closed Lost,new_business,Closed
SAP-109,Luminos Engineering - Operations hub,Luminos Engineering,Jenna Ellis,AE-E08,enterprise,inbound,Closed Lost,313500,313500,2025-11-07,2026-05-03,true,false,Chose lower-priced point solution,Closed Lost,new_business,Closed
SAP-110,Quorum Manufacturing - Operations hub,Quorum Manufacturing,Jenna Ellis,AE-E08,enterprise,inbound,Closed Lost,525000,525000,2025-12-04,2026-03-09,true,false,Price - went with lower-cost alternative,Closed Lost,new_business,Closed
SAP-111,FastForge Works - Team edition,FastForge Works,Theo Mercer,AE-C05,commercial,self_serve,Closed Lost,210000,210000,2026-03-24,2026-04-15,true,false,Chose lower-priced point solution,Closed Lost,new_business,Closed
SAP-112,Westbrook Manufacturing - Analytics module,Westbrook Manufacturing,Priyanka Sen,AE-E09,enterprise,inbound,Closed Lost,350000,350000,2025-10-07,2026-02-24,true,false,Internal reprioritization,Closed Lost,new_business,Closed
SAP-113,TightBolt Works - Platform rollout,TightBolt Works,Imani Tate,AE-C03,commercial,self_serve,Closed Lost,238000,238000,2026-02-24,2026-03-11,true,false,Chose competitor solution,Closed Lost,new_business,Closed
SAP-114,YieldBolt Works - Enterprise suite,YieldBolt Works,Lila Hart,AE-C08,commercial,partner,Closed Lost,196000,196000,2026-03-30,2026-04-09,true,false,No decision - budget freeze,Closed Lost,new_business,Closed
SAP-115,Alcott Systems - Compliance layer,Alcott Systems,Anika Volkov,AE-E05,enterprise,inbound,Closed Lost,280000,280000,2025-11-14,2026-02-17,true,false,Internal reprioritization,Closed Lost,new_business,Closed
SAP-116,Quincy Services - Integration suite,Quincy Services,Matteo Russo,AE-M11,mid_market,self_serve,Closed Lost,294000,294000,2026-01-19,2026-02-13,true,false,Chose competitor solution,Closed Lost,new_business,Closed
SAP-117,Beryllium Tech - Platform rollout,Beryllium Tech,Claire Dufour,AE-E06,enterprise,ae_self_gen,Closed Lost,462000,462000,2025-09-24,2026-02-05,true,false,Internal reprioritization,Closed Lost,new_business,Closed
SAP-118,Duratek Systems - Integration suite,Duratek Systems,Tobias Mendez,AE-E02,enterprise,inbound,Closed Lost,455000,455000,2025-10-09,2026-04-01,true,false,Chose lower-priced point solution,Closed Lost,new_business,Closed
SAP-119,Argon Metalworks - Analytics module,Argon Metalworks,Anika Volkov,AE-E05,enterprise,ae_self_gen,Closed Lost,490000,490000,2025-10-06,2026-03-30,true,false,Price - went with lower-cost alternative,Closed Lost,new_business,Closed
SAP-120,Nexus Heavy Industries - Platform rollout,Nexus Heavy Industries,Tobias Mendez,AE-E02,enterprise,partner,Closed Lost,413000,413000,2026-02-23,2026-04-24,true,false,Internal reprioritization,Closed Lost,new_business,Closed
SAP-121,Yarmouth Fabrication - Workforce platform,Yarmouth Fabrication,Kira Wallace,AE-M12,mid_market,inbound,Closed Lost,361000,361000,2026-04-01,2026-05-02,true,false,Internal reprioritization,Closed Lost,new_business,Closed
SAP-122,Bastion Manufacturing - Operations hub,Bastion Manufacturing,Helena Park,AE-E03,enterprise,partner,Closed Lost,420000,420000,2025-12-30,2026-04-17,true,false,Legal review exceeded sponsor window,Closed Lost,new_business,Closed
SAP-123,Hillside Manufacturing - Team edition,Hillside Manufacturing,Owen Delgado,AE-M13,mid_market,partner,Closed Lost,343000,343000,2026-01-16,2026-02-22,true,false,Chose lower-priced point solution,Closed Lost,new_business,Closed
SAP-124,QuickDrill Fast - Operations hub,QuickDrill Fast,June Holloway,AE-C01,commercial,outbound,Closed Lost,238000,238000,2026-02-09,2026-02-21,true,false,Chose competitor solution,Closed Lost,new_business,Closed
SAP-125,QuickPulse Ops - Workforce platform,QuickPulse Ops,Imani Tate,AE-C03,commercial,inbound,Closed Lost,175000,175000,2026-02-06,2026-03-01,true,false,Timing - pushed to next fiscal,Closed Lost,new_business,Closed
SAP-126,Longview Systems - Workforce platform,Longview Systems,Chloe Mercer,AE-M08,mid_market,outbound,Closed Lost,266000,266000,2026-02-02,2026-03-31,true,false,No decision - budget freeze,Closed Lost,new_business,Closed
SAP-127,GlideWeld Depot - Integration suite,GlideWeld Depot,Rafael Costa,AE-C02,commercial,ae_self_gen,Closed Lost,259000,259000,2026-01-29,2026-02-11,true,false,Timing - pushed to next fiscal,Closed Lost,new_business,Closed
SAP-128,SpeedForge Ops - Platform rollout,SpeedForge Ops,Lila Hart,AE-C08,commercial,inbound,Closed Lost,168000,168000,2026-02-23,2026-03-04,true,false,Chose competitor solution,Closed Lost,new_business,Closed
SAP-129,Iverton Services - Compliance layer,Iverton Services,Kira Wallace,AE-M12,mid_market,ae_self_gen,Closed Lost,273000,273000,2025-12-26,2026-02-14,true,false,Price - went with lower-cost alternative,Closed Lost,new_business,Closed
SAP-130,Xerox Components - Team edition,Xerox Components,Lucas Brennan,AE-M01,mid_market,inbound,Closed Lost,329000,329000,2026-01-26,2026-03-15,true,false,Price - went with lower-cost alternative,Closed Lost,new_business,Closed
SAP-131,Yardley Services - Analytics module,Yardley Services,Matteo Russo,AE-M11,mid_market,inbound,Closed Lost,399000,399000,2026-01-19,2026-03-21,true,false,Internal reprioritization,Closed Lost,new_business,Closed
SAP-132,Rhenium Tech - Workforce platform,Rhenium Tech,Diego Suzuki,AE-E04,enterprise,outbound,Closed Lost,441000,441000,2025-11-10,2026-04-12,true,false,Price - went with lower-cost alternative,Closed Lost,new_business,Closed
SAP-133,Aphelion Systems - Analytics module,Aphelion Systems,Jenna Ellis,AE-E08,enterprise,partner,Closed Lost,462000,462000,2025-09-12,2026-02-15,true,false,Legal review exceeded sponsor window,Closed Lost,new_business,Closed
SAP-134,Junction Components - Workforce platform,Junction Components,Wren Beauchamp,AE-M04,mid_market,partner,Closed Lost,168000,168000,2025-12-26,2026-03-02,true,false,Timing - pushed to next fiscal,Closed Lost,new_business,Closed
SAP-135,Garnet Industrial - Operations hub,Garnet Industrial,Priyanka Sen,AE-E09,enterprise,ae_self_gen,Closed Lost,252000,252000,2025-09-29,2026-03-16,true,false,Legal review exceeded sponsor window,Closed Lost,new_business,Closed
SAP-136,Foxboro Systems - Enterprise suite,Foxboro Systems,Felix Andersson,AE-M03,mid_market,inbound,Qualification,1000000,1000000,2026-10-08,2026-12-05,false,false,,Qualification,new_business,Pipeline
SAP-137,GearPulse Works - Analytics platform,GearPulse Works,Theo Mercer,AE-C05,commercial,inbound,Qualification,450000,450000,2026-11-24,2026-12-12,false,false,,Qualification,new_business,Pipeline
SAP-138,Jericho Metals - Starter bundle,Jericho Metals,Tobias Mendez,AE-E02,enterprise,ae_self_gen,Qualification,1275000,1275000,2026-07-30,2026-12-28,false,false,,Qualification,new_business,Pipeline
SAP-139,Jasper Industrial - Compliance suite,Jasper Industrial,Anika Volkov,AE-E05,enterprise,inbound,Qualification,1225000,1225000,2026-09-28,2026-12-18,false,false,,Qualification,new_business,Pipeline
SAP-140,Vanadium Systems - Compliance suite,Vanadium Systems,Anika Volkov,AE-E05,enterprise,partner,Qualification,925000,925000,2026-06-30,2026-12-14,false,false,,Qualification,new_business,Pipeline
SAP-141,UniteLift Ops - Platform rollout,UniteLift Ops,Imani Tate,AE-C03,commercial,inbound,Qualification,825000,825000,2027-01-11,2027-01-28,false,false,,Qualification,new_business,Pipeline
SAP-142,Fairview Components - Integration layer,Fairview Components,Chloe Mercer,AE-M08,mid_market,inbound,Qualification,850000,850000,2026-08-31,2026-11-15,false,false,,Qualification,new_business,Pipeline
SAP-143,VaultBolt Depot - Enterprise suite,VaultBolt Depot,Paige Ellison,AE-C06,commercial,self_serve,Qualification,450000,450000,2026-11-30,2026-12-14,false,false,,Qualification,new_business,Pipeline
SAP-144,Ardmore Fabrication - Workforce hub,Ardmore Fabrication,Chloe Mercer,AE-M08,mid_market,outbound,Qualification,600000,600000,2026-08-31,2026-11-07,false,false,,Qualification,new_business,Pipeline
SAP-145,Oakwood Fabrication - Platform rollout,Oakwood Fabrication,Sienna Patel,AE-M02,mid_market,inbound,Qualification,925000,925000,2026-10-21,2026-12-26,false,false,,Qualification,new_business,Pipeline
SAP-146,Rosemont Components - Analytics platform,Rosemont Components,Wren Beauchamp,AE-M04,mid_market,ae_self_gen,Qualification,1150000,1150000,2026-10-26,2026-12-10,false,false,,Qualification,new_business,Pipeline
SAP-147,Umbra Industrial - Starter bundle,Umbra Industrial,Anika Volkov,AE-E05,enterprise,partner,Qualification,1425000,1425000,2026-09-22,2026-12-10,false,false,,Qualification,new_business,Pipeline
SAP-148,Ingot Systems - Operations suite,Ingot Systems,Priyanka Sen,AE-E09,enterprise,outbound,Qualification,1600000,1600000,2026-06-29,2026-12-23,false,false,,Qualification,new_business,Pipeline
SAP-149,Prescott Services - Operations suite,Prescott Services,Felix Andersson,AE-M03,mid_market,inbound,Qualification,775000,775000,2026-12-02,2027-01-04,false,false,,Qualification,new_business,Pipeline
SAP-150,Sinter Works - Operations suite,Sinter Works,Naomi Walsh,AE-E01,enterprise,ae_self_gen,Qualification,1375000,1375000,2026-10-12,2026-12-26,false,false,,Qualification,new_business,Pipeline
SAP-151,Halide Manufacturing - Integration layer,Halide Manufacturing,Claire Dufour,AE-E06,enterprise,ae_self_gen,Qualification,1475000,1475000,2026-08-18,2027-01-16,false,false,,Qualification,new_business,Pipeline
SAP-152,Zephyr Precision - Analytics platform,Zephyr Precision,Anika Volkov,AE-E05,enterprise,inbound,Qualification,1450000,1450000,2026-07-20,2026-12-13,false,false,,Qualification,new_business,Pipeline
SAP-153,DrillPad Express - Compliance suite,DrillPad Express,Rafael Costa,AE-C02,commercial,inbound,Qualification,800000,800000,2026-10-26,2026-11-14,false,false,,Qualification,new_business,Pipeline
SAP-154,Ironwood Fabrication - Field operations,Ironwood Fabrication,Ezra Lindgren,AE-M05,mid_market,inbound,Qualification,1125000,1125000,2026-09-08,2026-11-25,false,false,,Qualification,new_business,Pipeline
SAP-155,Upstate Fabrication - Infrastructure module,Upstate Fabrication,Idris Vance,AE-M07,mid_market,ae_self_gen,Technical Evaluation,736000,736000,2026-07-23,2026-10-03,false,false,,Technical Evaluation,new_business,Best Case
SAP-156,Ximena Systems - Enterprise suite,Ximena Systems,Ezra Lindgren,AE-M05,mid_market,outbound,Technical Evaluation,800000,800000,2026-08-17,2026-09-29,false,false,,Technical Evaluation,new_business,Best Case
SAP-157,Crestline Manufacturing - Integration layer,Crestline Manufacturing,Anika Volkov,AE-E05,enterprise,inbound,Technical Evaluation,1024000,1024000,2026-06-23,2026-10-05,false,false,,Technical Evaluation,new_business,Best Case
SAP-158,KeenBolt Works - Operations suite,KeenBolt Works,Lila Hart,AE-C08,commercial,self_serve,Technical Evaluation,675000,675000,2027-01-01,2027-01-16,false,false,,Technical Evaluation,new_business,Best Case
SAP-159,Dellmar Services - Analytics platform,Dellmar Services,Idris Vance,AE-M07,mid_market,ae_self_gen,Technical Evaluation,925000,925000,2026-10-26,2026-12-14,false,false,,Technical Evaluation,new_business,Best Case
SAP-160,Kronos Fabrication - Workforce hub,Kronos Fabrication,Claire Dufour,AE-E06,enterprise,ae_self_gen,Technical Evaluation,1275000,1275000,2026-05-29,2026-11-29,false,false,,Technical Evaluation,new_business,Best Case
SAP-161,MiniWeld Quick - Integration layer,MiniWeld Quick,Rafael Costa,AE-C02,commercial,inbound,Technical Evaluation,725000,725000,2026-12-01,2026-12-16,false,false,,Technical Evaluation,new_business,Best Case
SAP-162,PocketBolt Works - Enterprise suite,PocketBolt Works,Imani Tate,AE-C03,commercial,inbound,Technical Evaluation,704000,704000,2026-09-01,2026-09-30,false,false,,Technical Evaluation,new_business,Best Case
SAP-163,OmniLift Depot - Workforce hub,OmniLift Depot,June Holloway,AE-C01,commercial,self_serve,Technical Evaluation,450000,450000,2026-10-26,2026-11-10,false,false,,Technical Evaluation,new_business,Best Case
SAP-164,Garnet Industrial - Starter bundle,Garnet Industrial,Claire Dufour,AE-E06,enterprise,outbound,Technical Evaluation,1400000,1400000,2026-08-14,2026-11-15,false,false,,Technical Evaluation,new_business,Best Case
SAP-165,HopBolt Quick - Workforce hub,HopBolt Quick,Brielle Navarro,AE-C04,commercial,ae_self_gen,Technical Evaluation,496000,496000,2026-10-12,2026-10-25,false,false,,Technical Evaluation,new_business,Best Case
SAP-166,Fulcrum Engineering - Platform rollout,Fulcrum Engineering,Priyanka Sen,AE-E09,enterprise,inbound,Technical Evaluation,1175000,1175000,2026-08-18,2026-11-17,false,false,,Technical Evaluation,new_business,Best Case
SAP-167,Silverstone Fabrication - Starter bundle,Silverstone Fabrication,Wren Beauchamp,AE-M04,mid_market,inbound,Technical Evaluation,784000,784000,2026-09-08,2026-10-15,false,false,,Technical Evaluation,new_business,Best Case
SAP-168,TinderBolt Works - Integration layer,TinderBolt Works,Rafael Costa,AE-C02,commercial,self_serve,Technical Evaluation,256000,256000,2026-08-03,2026-09-01,false,false,,Technical Evaluation,new_business,Best Case
SAP-169,Crestline Manufacturing - Enterprise suite,Crestline Manufacturing,Anika Volkov,AE-E05,enterprise,inbound,Technical Evaluation,1375000,1375000,2026-09-15,2027-01-28,false,false,,Technical Evaluation,new_business,Best Case
SAP-170,Yellowstone Systems - Integration layer,Yellowstone Systems,Lucas Brennan,AE-M01,mid_market,partner,Technical Evaluation,656000,656000,2026-08-07,2026-09-25,false,false,,Technical Evaluation,new_business,Best Case
SAP-171,Groton Fabrication - Starter bundle,Groton Fabrication,Matteo Russo,AE-M11,mid_market,inbound,Technical Evaluation,825000,825000,2026-10-12,2026-11-28,false,false,,Technical Evaluation,new_business,Best Case
SAP-172,Markham Components - Workforce hub,Markham Components,Kira Wallace,AE-M12,mid_market,ae_self_gen,Technical Evaluation,1225000,1225000,2026-09-30,2026-12-12,false,false,,Technical Evaluation,new_business,Best Case
SAP-173,Queensbury Services - Integration layer,Queensbury Services,Sienna Patel,AE-M02,mid_market,inbound,Technical Evaluation,768000,768000,2026-09-07,2026-10-07,false,false,,Technical Evaluation,new_business,Best Case
SAP-174,XpressForge Tools - Operations suite,XpressForge Tools,Paige Ellison,AE-C06,commercial,self_serve,Technical Evaluation,700000,700000,2026-12-23,2027-01-11,false,false,,Technical Evaluation,new_business,Best Case
SAP-175,RapidWeld Fast - Infrastructure module,RapidWeld Fast,Theo Mercer,AE-C05,commercial,partner,Technical Evaluation,592000,592000,2026-08-24,2026-09-12,false,false,,Technical Evaluation,new_business,Best Case
SAP-176,Hamden Components - Starter bundle,Hamden Components,Benji Flores,AE-M09,mid_market,outbound,Technical Evaluation,912000,912000,2026-07-13,2026-09-06,false,false,,Technical Evaluation,new_business,Best Case
SAP-177,Crestline Manufacturing - Infrastructure module,Crestline Manufacturing,Anika Volkov,AE-E05,enterprise,outbound,Technical Evaluation,656000,656000,2026-05-04,2026-08-26,false,false,,Technical Evaluation,new_business,Best Case
SAP-178,Dalton Components - Starter bundle,Dalton Components,Wren Beauchamp,AE-M04,mid_market,outbound,Technical Evaluation,656000,656000,2026-08-18,2026-10-09,false,false,,Technical Evaluation,new_business,Best Case
SAP-179,Ingot Systems - Analytics platform,Ingot Systems,Priyanka Sen,AE-E09,enterprise,ae_self_gen,Technical Evaluation,752000,752000,2026-08-17,2026-10-29,false,false,,Technical Evaluation,new_business,Best Case
SAP-180,Monolith Precision - Workforce hub,Monolith Precision,Claire Dufour,AE-E06,enterprise,ae_self_gen,Technical Evaluation,1950000,1950000,2026-07-13,2027-01-07,false,false,,Technical Evaluation,new_business,Best Case
SAP-181,Irondale Components - Starter bundle,Irondale Components,Sienna Patel,AE-M02,mid_market,ae_self_gen,Technical Evaluation,1200000,1200000,2026-09-16,2026-11-19,false,false,,Technical Evaluation,new_business,Best Case
SAP-182,Umbra Industrial - Compliance suite,Umbra Industrial,Malik Okoro,AE-E07,enterprise,outbound,Technical Evaluation,1088000,1088000,2026-06-22,2026-10-12,false,false,,Technical Evaluation,new_business,Best Case
SAP-183,OmegaLift Tools - Analytics platform,OmegaLift Tools,Rafael Costa,AE-C02,commercial,self_serve,Technical Evaluation,304000,304000,2026-07-21,2026-08-17,false,false,,Technical Evaluation,new_business,Best Case
SAP-184,Hillcrest Systems - Field operations,Hillcrest Systems,Felix Andersson,AE-M03,mid_market,ae_self_gen,Technical Evaluation,1075000,1075000,2026-10-06,2026-11-10,false,false,,Technical Evaluation,new_business,Best Case
SAP-185,Beryllium Tech - Starter bundle,Beryllium Tech,Jenna Ellis,AE-E08,enterprise,ae_self_gen,Technical Evaluation,1008000,1008000,2026-05-11,2026-08-12,false,false,,Technical Evaluation,new_business,Best Case
SAP-186,Weston Services - Analytics platform,Weston Services,Wren Beauchamp,AE-M04,mid_market,inbound,Technical Evaluation,875000,875000,2026-10-19,2026-11-24,false,false,,Technical Evaluation,new_business,Best Case
SAP-187,TinderBolt Works - Field operations,TinderBolt Works,Lila Hart,AE-C08,commercial,outbound,Business Case,512000,512000,2026-08-12,2026-09-04,false,false,,Business Case,new_business,Best Case
SAP-188,TightBolt Works - Compliance suite,TightBolt Works,Imani Tate,AE-C03,commercial,self_serve,Business Case,400000,400000,2026-08-06,2026-09-01,false,false,,Business Case,new_business,Best Case
SAP-189,Kerrigan Solutions - Workforce hub,Kerrigan Solutions,Sienna Patel,AE-M02,mid_market,inbound,Business Case,672000,672000,2026-08-17,2026-10-05,false,false,,Business Case,new_business,Best Case
SAP-190,BriefForge Fast - Analytics platform,BriefForge Fast,Brielle Navarro,AE-C04,commercial,ae_self_gen,Business Case,496000,496000,2026-09-01,2026-09-27,false,false,,Business Case,new_business,Best Case
SAP-191,Ridgeway Components - Workforce hub,Ridgeway Components,Wren Beauchamp,AE-M04,mid_market,inbound,Business Case,323000,323000,2026-05-22,2026-07-07,false,false,,Business Case,new_business,Best Case
SAP-192,Foxhill Components - Analytics platform,Foxhill Components,Sienna Patel,AE-M02,mid_market,inbound,Business Case,720000,720000,2026-07-13,2026-08-18,false,false,,Business Case,new_business,Best Case
SAP-193,Kronos Fabrication - Platform rollout,Kronos Fabrication,Jenna Ellis,AE-E08,enterprise,outbound,Business Case,1040000,1040000,2026-04-14,2026-09-13,false,false,,Business Case,new_business,Best Case
SAP-194,Coldfront Systems - Field operations,Coldfront Systems,Lucas Brennan,AE-M01,mid_market,ae_self_gen,Business Case,522500,522500,2026-04-13,2026-06-25,false,false,,Business Case,new_business,Best Case
SAP-195,Palladium Systems - Operations suite,Palladium Systems,Helena Park,AE-E03,enterprise,inbound,Business Case,617500,617500,2026-04-09,2026-07-19,false,false,,Business Case,new_business,Best Case
SAP-196,Oakridge Systems - Field operations,Oakridge Systems,Sienna Patel,AE-M02,mid_market,inbound,Business Case,294500,294500,2026-05-11,2026-06-19,false,false,,Business Case,new_business,Best Case
SAP-197,Flint Engineering - Infrastructure module,Flint Engineering,Anika Volkov,AE-E05,enterprise,partner,Business Case,1184000,1184000,2026-07-13,2026-10-13,false,false,,Business Case,new_business,Best Case
SAP-198,Elmwood Fabrication - Enterprise suite,Elmwood Fabrication,Felix Andersson,AE-M03,mid_market,inbound,Business Case,512000,512000,2026-06-18,2026-08-07,false,false,,Business Case,new_business,Best Case
SAP-199,Iron Ridge Plastics - Field operations,Iron Ridge Plastics,Helena Park,AE-E03,enterprise,inbound,Business Case,1136000,1136000,2026-07-13,2026-10-20,false,false,,Business Case,new_business,Best Case
SAP-200,HopBolt Quick - Enterprise suite,HopBolt Quick,Brielle Navarro,AE-C04,commercial,inbound,Business Case,464000,464000,2026-09-14,2026-09-27,false,false,,Business Case,new_business,Best Case
SAP-201,Norden Components - Operations suite,Norden Components,Lucas Brennan,AE-M01,mid_market,ae_self_gen,Business Case,784000,784000,2026-06-10,2026-08-13,false,false,,Business Case,new_business,Best Case
SAP-202,Echelon Precision - Integration layer,Echelon Precision,Naomi Walsh,AE-E01,enterprise,inbound,Business Case,370500,370500,2026-02-25,2026-05-25,false,false,,Business Case,new_business,Best Case
SAP-203,Pinecrest Components - Compliance suite,Pinecrest Components,Matteo Russo,AE-M11,mid_market,partner,Business Case,313500,313500,2026-05-12,2026-07-01,false,false,,Business Case,new_business,Best Case
SAP-204,LeanForge Fast - Enterprise suite,LeanForge Fast,Theo Mercer,AE-C05,commercial,outbound,Business Case,288000,288000,2026-09-25,2026-10-12,false,false,,Business Case,new_business,Best Case
SAP-205,Lakewood Fabrication - Platform rollout,Lakewood Fabrication,Hannah Cho,AE-M10,mid_market,ae_self_gen,Business Case,399000,399000,2026-06-29,2026-07-27,false,false,,Business Case,new_business,Best Case
SAP-206,Palladium Systems - Workforce hub,Palladium Systems,Anika Volkov,AE-E05,enterprise,outbound,Business Case,928000,928000,2026-04-13,2026-09-10,false,false,,Business Case,new_business,Best Case
SAP-207,Claremont Services - Analytics platform,Claremont Services,Felix Andersson,AE-M03,mid_market,ae_self_gen,Business Case,752000,752000,2026-08-14,2026-10-17,false,false,,Business Case,new_business,Best Case
SAP-208,Titanite Engineering - Compliance suite,Titanite Engineering,Helena Park,AE-E03,enterprise,inbound,Business Case,1104000,1104000,2026-08-06,2026-10-29,false,false,,Business Case,new_business,Best Case
SAP-209,HammerLine Quick - Integration layer,HammerLine Quick,Paige Ellison,AE-C06,commercial,self_serve,Business Case,275500,275500,2026-04-23,2026-05-24,false,false,,Business Case,new_business,Best Case
SAP-210,SpeedForge Ops - Workforce hub,SpeedForge Ops,Paige Ellison,AE-C06,commercial,inbound,Business Case,496000,496000,2026-09-03,2026-09-24,false,false,,Business Case,new_business,Best Case
SAP-211,Iron Ridge Plastics - Operations suite,Iron Ridge Plastics,Priyanka Sen,AE-E09,enterprise,partner,Business Case,768000,768000,2026-06-01,2026-10-17,false,false,,Business Case,new_business,Best Case
SAP-212,JetFab Tools - Platform rollout,JetFab Tools,Theo Mercer,AE-C05,commercial,inbound,Business Case,285000,285000,2026-05-19,2026-06-09,false,false,,Business Case,new_business,Best Case
SAP-213,Alcott Systems - Integration layer,Alcott Systems,Helena Park,AE-E03,enterprise,outbound,Business Case,864000,864000,2026-05-04,2026-10-31,false,false,,Business Case,new_business,Best Case
SAP-214,Luminos Engineering - Platform rollout,Luminos Engineering,Diego Suzuki,AE-E04,enterprise,ae_self_gen,Business Case,560500,560500,2026-02-27,2026-06-19,false,false,,Business Case,new_business,Best Case
SAP-215,Elmwood Fabrication - Platform rollout,Elmwood Fabrication,Felix Andersson,AE-M03,mid_market,outbound,Business Case,816000,816000,2026-06-11,2026-08-21,false,false,,Business Case,new_business,Best Case
SAP-216,Jericho Metals - Platform rollout,Jericho Metals,Anika Volkov,AE-E05,enterprise,inbound,Business Case,560500,560500,2026-03-31,2026-07-11,false,false,,Business Case,new_business,Best Case
SAP-217,PitchBolt Ops - Infrastructure module,PitchBolt Ops,Imani Tate,AE-C03,commercial,self_serve,Business Case,380000,380000,2026-06-01,2026-06-26,false,false,,Business Case,new_business,Best Case
SAP-218,SnapDock Field Tools - Operations suite,SnapDock Field Tools,Lila Hart,AE-C08,commercial,inbound,Business Case,304000,304000,2026-05-05,2026-05-19,false,false,,Business Case,new_business,Best Case
SAP-219,OmniLift Depot - Platform rollout,OmniLift Depot,June Holloway,AE-C01,commercial,outbound,Business Case,171000,171000,2026-05-26,2026-06-17,false,false,,Business Case,new_business,Best Case
SAP-220,SnapDock Field Tools - Workforce hub,SnapDock Field Tools,Rafael Costa,AE-C02,commercial,ae_self_gen,Business Case,237500,237500,2026-05-18,2026-06-09,false,false,,Business Case,new_business,Best Case
SAP-221,Millbrook Services - Platform rollout,Millbrook Services,Wren Beauchamp,AE-M04,mid_market,ae_self_gen,Business Case,342000,342000,2026-06-12,2026-07-22,false,false,,Business Case,new_business,Best Case
SAP-222,Graymark Services - Compliance suite,Graymark Services,Wren Beauchamp,AE-M04,mid_market,self_serve,Business Case,408500,408500,2026-04-20,2026-06-10,false,false,,Business Case,new_business,Best Case
SAP-223,Noctilucent Manufacturing - Platform rollout,Noctilucent Manufacturing,Claire Dufour,AE-E06,enterprise,inbound,Business Case,944000,944000,2026-03-03,2026-08-23,false,false,,Business Case - Legal Review,new_business,Best Case
SAP-224,Treemont Components - Starter bundle,Treemont Components,Wren Beauchamp,AE-M04,mid_market,inbound,Negotiation,513000,513000,2026-05-05,2026-06-13,false,false,,Negotiation,new_business,Commit
SAP-225,DashBolt Ops - Platform rollout,DashBolt Ops,Andrej Novak,AE-C07,commercial,self_serve,Negotiation,323000,323000,2026-05-29,2026-06-29,false,false,,Negotiation,new_business,Commit
SAP-226,LiftFlex Ops - Enterprise suite,LiftFlex Ops,Andrej Novak,AE-C07,commercial,ae_self_gen,Negotiation,171000,171000,2026-06-12,2026-07-02,false,false,,Negotiation,new_business,Commit
SAP-227,QuickForge Ops - Integration layer,QuickForge Ops,June Holloway,AE-C01,commercial,self_serve,Negotiation,275500,275500,2026-06-18,2026-07-03,false,false,,Negotiation,new_business,Commit
SAP-228,BriefForge Fast - Operations suite,BriefForge Fast,Rafael Costa,AE-C02,commercial,ae_self_gen,Negotiation,228000,228000,2026-06-03,2026-07-05,false,false,,Negotiation,new_business,Commit
SAP-229,GearPulse Works - Analytics platform,GearPulse Works,Rafael Costa,AE-C02,commercial,self_serve,Negotiation,209000,209000,2026-05-11,2026-06-06,false,false,,Negotiation,new_business,Commit
SAP-230,Longview Systems - Platform rollout,Longview Systems,Lucas Brennan,AE-M01,mid_market,inbound,Negotiation,228000,228000,2026-05-14,2026-06-27,false,false,,Negotiation,new_business,Commit
SAP-231,XpressForge Tools - Field operations,XpressForge Tools,Imani Tate,AE-C03,commercial,ae_self_gen,Negotiation,237500,237500,2026-05-26,2026-06-28,false,false,,Negotiation,new_business,Commit
SAP-232,CrankSet Tools - Enterprise suite,CrankSet Tools,Brielle Navarro,AE-C04,commercial,self_serve,Negotiation,209000,209000,2026-06-25,2026-07-23,false,false,,Negotiation,new_business,Commit
SAP-233,Northgate Services - Integration layer,Northgate Services,Sienna Patel,AE-M02,mid_market,inbound,Negotiation,266000,266000,2026-05-04,2026-06-19,false,false,,Negotiation,new_business,Commit
SAP-234,AgileBolt Tools - Analytics platform,AgileBolt Tools,Theo Mercer,AE-C05,commercial,self_serve,Negotiation,304000,304000,2026-05-01,2026-05-17,false,false,,Negotiation,new_business,Commit
SAP-235,Dellmar Services - Workforce hub,Dellmar Services,Lucas Brennan,AE-M01,mid_market,outbound,Negotiation,456000,456000,2026-03-23,2026-05-13,false,false,,Negotiation,new_business,Commit
SAP-236,Quorum Manufacturing - Compliance suite,Quorum Manufacturing,Jenna Ellis,AE-E08,enterprise,inbound,Negotiation,541500,541500,2026-02-13,2026-07-24,false,false,,Negotiation,new_business,Commit
SAP-237,Coldfront Systems - Enterprise suite,Coldfront Systems,Sienna Patel,AE-M02,mid_market,outbound,Negotiation,228000,228000,2026-05-06,2026-06-23,false,false,,Negotiation,new_business,Commit
SAP-238,Kelvin Fabrication - Operations suite,Kelvin Fabrication,Tobias Mendez,AE-E02,enterprise,inbound,Negotiation,541500,541500,2025-12-26,2026-05-30,false,false,,Negotiation,new_business,Commit
SAP-239,Glenside Services - Field operations,Glenside Services,Lucas Brennan,AE-M01,mid_market,partner,Negotiation,380000,380000,2026-06-04,2026-07-29,false,false,,Negotiation,new_business,Commit
SAP-240,Southfield Systems - Field operations,Southfield Systems,Owen Delgado,AE-M13,mid_market,ae_self_gen,Negotiation,342000,342000,2026-04-20,2026-06-27,false,false,,Negotiation,new_business,Commit
SAP-241,Yardley Services - Starter bundle,Yardley Services,Lucas Brennan,AE-M01,mid_market,inbound,Negotiation,228000,228000,2026-03-30,2026-05-29,false,false,,Negotiation,new_business,Commit
SAP-242,EasyLift Tools - Operations suite,EasyLift Tools,Theo Mercer,AE-C05,commercial,self_serve,Negotiation,294500,294500,2026-06-03,2026-06-21,false,false,,Negotiation,new_business,Commit
SAP-243,Upstate Fabrication - Platform rollout,Upstate Fabrication,Lucas Brennan,AE-M01,mid_market,outbound,Negotiation,408500,408500,2026-03-02,2026-05-13,false,false,,Negotiation,new_business,Commit
SAP-244,Westbrook Manufacturing - Infrastructure module,Westbrook Manufacturing,Jenna Ellis,AE-E08,enterprise,ae_self_gen,Negotiation,465500,465500,2026-01-06,2026-07-07,false,false,,Negotiation,new_business,Commit
SAP-245,Kinetic Fabrication - Field operations,Kinetic Fabrication,Claire Dufour,AE-E06,enterprise,inbound,Negotiation,589000,589000,2026-02-16,2026-05-23,false,false,,Negotiation,new_business,Commit
